,candidate_name,skills,experience_years,education_level,current_job_role,salary_expectation,projects_count
0,None,"['Customer Service', 'Team Management', 'Conflict Resolution', 'Training and Development', 'Client Relations', 'Marketing', 'Accounting', 'Human Resources', 'Organizational Skills', 'Data Analysis', 'Advertising', 'Medical Billing']",15,High School Diploma,HR Administrator/Marketing Associate,None,None
1,None,"['Adobe Photoshop', 'ADP', 'Asset Management', 'branding', 'content creation', 'customer care', 'Final Cut Pro', 'graphics design', 'HR operations', 'Illustrator', 'InDesign', 'innovation', 'inventory management', 'Lotus Notes', 'marketing strategies', 'Microsoft Office', 'SharePoint', 'newsletter creation', 'presentations', 'process improvement', 'project management', 'promotional materials', 'quality standards', 'real-time processing', 'recruitment', 'reporting', 'request for proposals (RFP)', 'sales strategies', 'employee development', 'video production', 'web design', 'article writing']",13,Master of Arts,HR Specialist,None,3.0
2,None,"['Recruiting', 'HRIS Development', 'Benefit Administration', 'Policy Development', 'Web Page Development', 'Desktop Publishing', 'Newsletter productions', 'Database Management', 'Leadership Training', 'OSHA', 'FMLA', 'Workers Compensation', 'PageMaker', 'Agency Automation', 'Backing Up', 'Benefits', 'Budget Management', 'Corel Suite', 'Harvard Graphics', 'Access', 'Excel', 'Microsoft Publisher', 'MS Word', 'Quark Express', 'Quattro Pro', 'Strategic Planning', 'Web Page Development', 'WordPerfect']",20,Master's Degree in Information Management Systems,HR Director,None,None
3,None,"['Type 50 wpm', '10-Key by touch', 'Microsoft Word', 'Microsoft Excel', 'Microsoft Access', 'Microsoft Outlook', 'Microsoft PowerPoint', 'Personnel management', 'Telephone inquiries', 'Customer service', 'Call quality', 'Customer satisfaction', 'Inbound and Outbound contact center', 'Oral and written presentation', 'Conflict resolution']",20,Certificate of Completion in Business Administration,HR Specialist,None,None
4,[Not Provided],"['HR Department Startup', 'Employment Law', 'FMLA/ADA/EEO/WC', 'Mediation & Advocacy', 'HR Policies & Procedures', 'Staff Recruitment & Retention', 'Salary Negotiations', 'Employee Relations', 'Benefits Administration', 'Unemployment Administration', ""Worker's Compensation Administration"", 'Orientation & On-Boarding', 'HRIS Technologies', 'Training & Development', 'Performance Management', 'Organizational Development', 'HR Program/Project Management', 'HRIS applications (Lawson, Paychex, Kronos, ADP)', 'MS Office applications']",22,Bachelor's,HR Manager,None,3.0
5,None,"['Microsoft Office', 'Excel', 'Meticulous attention to detail', 'Results-oriented', 'Legal administrative support', 'Administrative assistant', 'Human Resource Management', 'Strategic Planning', 'Performance Management', 'Recruitment and Selection', 'Website maintenance']",14,Bachelor's,HR Generalist,None,None
6,Not specified,"['Administration', 'Human Resources', 'Employee Relations', 'Training and Development', 'HRIS Technologies', 'Microsoft Office Suites', 'Organizational Development', 'Web Design', 'Performance Management', 'Public Speaking', 'Team Building', 'Policy Development', 'Mediation', 'Spanish']",30,Bachelor's,HR Manager,None,None
7,None,"['administrative', 'ADP', 'backup', 'Benefits', 'bookkeeping', 'clarify', 'competitive', 'customer service', 'database', 'delivery', 'documentation', 'employee relations', 'filing', 'government', 'HR', 'human resources', 'human resource', 'insurance', 'job analysis', 'labor relations', 'law enforcement', 'Team building', 'letters', 'market', 'meetings', 'mail', 'office', 'Payroll processing', 'payroll', 'personnel', 'policies', 'processes', 'Project management', 'proposal', 'quality', 'recruiting', 'recruitment', 'safety', 'strategy', 'employee handbooks', 'vendor management', 'vision', 'year-end']",15,MBA,HR Manager,None,None
8,None,"['Management consultation', 'Negotiation', 'Outlook', 'E-Recruitment', 'HR policies/procedures', 'Provision of excellent customer service', 'Microsoft applications: Word, Excel, PowerPoint', 'Problem-solving', 'Full-cycle recruitment', 'Job analysis', 'Compensation/job market analysis', 'Leadership training', 'Performance management', 'Personnel policies and procedures']",27,Bachelor's,HR Specialist,None,None
